{
  "man": 1.5037911551742882,
  "king": 2.9846295803286127,
  "mobility": 0.10234859645355798,
  "captureBonus": 0.2815615406670966,
  "kingAdvance": 0.056292543506766095
}
